GLOSS	NUMBER	CONCEPTICON_ID	CONCEPTICON_GLOSS	SIMILARITY
woman/female	1	2105	FEMALE PERSON	2
man/male	2	2261	MALE (OF PERSON)	2
two	3	1498	TWO	2
fifty	4	1717	FIFTY	2
hand	5	1277	HAND	2
foot, leg	6	2098	FOOT OR LEG	2
three	7	492	THREE	2
lightning	8	1654	LIGHTNING	2
six	9	1703	SIX	2
five	10	493	FIVE	2
seven	11	1704	SEVEN	2
eight	12	1705	EIGHT	2
nine	13	1483	NINE	2
hundred	14	1634	HUNDRED	2
chest	15	1592	CHEST	2
father	16	1217	FATHER	2
four	17	1500	FOUR	2
one	18	1493	ONE	2
eye	19	1248	EYE	2
sun	20	1343	SUN	2
you (sg.)	21	1213	YOU	2
wind	22	960	WIND	2
he/she	23	2642	HE OR SHE	2
walk along the beach	24	2979	WALK (MANNER)	
rain	25	2108	RAINING OR RAIN	2
eat	26	1336	EAT	2
nose	27	1221	NOSE	2
child	28	2099	CHILD	2
daughter	29	1357	DAUGHTER	2
son	30	1620	SON	2
stand	31	1442	STAND	2
drink	32	1401	DRINK	2
die	33	1494	DIE	2
mother	34	1216	MOTHER	2
walk	35	1443	WALK	2
twenty	36	1710	TWENTY	2
fish (n.)	37	227	FISH	1
red	38	156	RED	2
ear	39	1247	EAR	2
light (not heavy)	40	1052	LIGHT (WEIGHT)	2
not	41	1240	NOT	2
yellow	42	1424	YELLOW	2
blue	43	837	BLUE	2
itch	44	3856	ITCH OR ITCHY OR ITCHING	2
live (v.)	45	1422	BE ALIVE	1
belly	46	1251	BELLY	2
white	47	1335	WHITE	2
thunder	48	1150	THUNDER	2
water	49	948	WATER	2
boat	50	1844	BOAT	2
finger	51	1303	FINGER	2
sweet	52	717	SWEET	2
moon	53	1313	MOON	2
old	54	1229	OLD	2
laugh	55	1355	LAUGH	2
heavy	56	1210	HEAVY	2
fire	57	221	FIRE	2
yes	58	1268	YES	2
mouth	59	674	MOUTH	2
steal	60	713	STEAL	2
do/make	61	2575	DO OR MAKE	2
speak	62	1623	SPEAK	2
buy	63	1869	BUY	2
stone	64	857	STONE	2
sleep	65	1585	SLEEP	2
kill	66	1417	KILL	2
star	67	1430	STAR	2
see	68	1409	SEE	2
hair	69	1040	HAIR	2
snake	70	730	SNAKE	2
person	71	683	PERSON	2
ten	72	1515	TEN	2
fifteen	73	1709	FIFTEEN	2
I	74	1209	I	2
house	75	1252	HOUSE	2
head	76	1256	HEAD	2
above	77	1741	ABOVE	2
abscess	78	793	BOIL (OF SKIN)	4
abundant	79	712	RICH	4
accident	80			
across	81	2670	ACROSS	2
adopt a child	82			
adze	83	290	ADZE	2
afraid	84	1419	FEAR (BE AFRAID)	2
after	85	1685	AFTER	2
afterlife	86			
afternoon	87	1807	AFTERNOON	2
again	88	204	AGAIN	2
agile	89			
air	90	27	AIR	2
all	91	98	ALL	2
allow	92	3238	ALLOW	2
ally	93			
almost	94			
almost faint	95	3616	FAINT (PASS OUT)	
almost invisible	96			
already	97	2576	ALREADY	2
always	98	1676	ALWAYS	2
ambush	99	65	AMBUSH	2
ancestor	100	1669	ANCESTORS	2
anchor (n.)	101	1870	ANCHOR	3
anchor (v.)	102	1870	ANCHOR	4
anchored	103			
and	104	1577	AND	2
angry	105	1826	ANGRY	2
ankle	106	803	ANKLE	2
annoy	107	2892	MAKE ANGRY (ANNOY)	2
answer (n.)	108	1275	ANSWER	4
answer (v.)	109	1275	ANSWER	1
ant	110	587	ANT	2
areca palm	111			
argue	112	3302	QUARREL (VERB)	2
arm	113	1673	ARM	2
arm bone	114	1394	BONE	
armpit	115	1886	ARMPIT	2
around	116	1443	WALK	4
arrange	117	1568	ARRANGE	2
arrived	118	1387	ARRIVE	
arrow	119	977	ARROW	2
as for ...	120			
ascend	121	705	GO UP (ASCEND)	2
ash	122	646	ASH	2
ask	123	1309	ASK (INQUIRE)	2
ask for	124	1828	ASK (REQUEST)	2
astonished	125	1572	SURPRISED	2
astrigent	126			
attic	127			
auger	128	3423	DRILL	4
aunt	129	1272	AUNT	2
aunt/uncle	130			4
awaken	131	3174	WAKE UP (SOMEONE)	2
axe	132	677	AXE	2
back (a.)	133	2323	BACK (PART)	4
back (n.)	134	1291	BACK	1
bad	135	1292	BAD	2
bait	136	2013	BAIT	2
bald	137	1125	BALD	2
bamboo	138	1927	BAMBOO	2
bamboo sprout	139			
banana	140	868	BANANA	2
banana leaves (dead)	141			
bark (n.)	142	1204	BARK	1
bark (v.)	143	1206	BARKING	3
basket	144	1539	BASKET	2
bat	145	1793	BAT	2
bath(room)	146	138	BATHE	4
bathe	147	138	BATHE	2
bay	148	663	BAY	2
be careful	149	2758	CAREFUL	4
be hit	150			4
be likeable	151			
be/there is	152	1579	BE	4
beach	153	3460	BEACH	2
bear	154	1820	BEAR	2
beard	155	678	BEARD	2
beard (long)	156	678	BEARD	4
beautiful	157	1427	BEAUTIFUL	2
because	158	1157	BECAUSE	2
become	159	1990	BECOME	2
bed	160	1663	BED	2
bedroom	161	2505	BEDROOM	2
bee	162	665	BEE	2
beetle	163	2242	BEETLE	2
before	164	1882	BEFORE	2
before (earlier)	165	373	LONG AGO	4
before (long time)	166	373	LONG AGO	4
begin (v.)	167	1806	BEGIN	3
behave	168			
behind	169	1686	BEHIND	2
believe	170	1890	BELIEVE	2
below	171	1485	BELOW OR UNDER	2
belt	172	772	BELT	2
Bengkulu	173			
betel leaf (Piper betle)	174			
better	175			
beware	176	2758	CAREFUL	
beyond Enggano	177			
big	178	1202	BIG	2
big toe	179	1389	TOE	
bird	180	937	BIRD	2
bird-catching net	181	2653	NET (FOR CATCHING)	
birth	182	2805	BIRTH (ACCOUCHEMENT)	2
bite	183	1403	BITE	2
bitter	184	887	BITTER	2
black	185	163	BLACK	2
black pepper	186	1385	PEPPER	
blanket	187	806	BLANKET	2
blessing	188	391	BLESS	
blind	189	1653	BLIND	2
blood	190	946	BLOOD	2
blow	191	176	BLOW (WITH MOUTH)	2
blunt	192	379	BLUNT	2
board (n.)	193	1227	BOARD	3
boat decoration (with leaves)	194	917	ORNAMENT	
body	195	1480	BODY	2
body hair	196	189	HAIR (BODY)	2
boil (intr.)	197	792	BOIL (OF LIQUID)	4
boil (n.)	198	793	BOIL (OF SKIN)	3
boil (tr.)	199	2492	BOIL (SOMETHING)	2
bolster	200			
bone	201	1394	BONE	2
border	202	2546	BORDER	2
bore a hole	203	1501	BORE	2
borrow	204	1823	BORROW	2
bow (n.)	205	994	BOW	1
bow down	206	2761	BEND (ONESELF)	
bracelet	207	1754	BRACELET	2
brain	208	1583	BRAIN	2
branch	209	3223	BRANCH OR TWIG	2
brave	210	3	BRAVE	2
break	211	680	BREAK (DESTROY OR GET DESTROYED)	2
break (intr.)	212	3020	BREAK (BREAKING)	4
break off (intr.)	213	588	BROKEN	
break off (tr.)	214	681	DESTROY	
break rules	215	3813	DISOBEDIENT	
breast	216	1402	BREAST	2
breast milk	217	3912	BREAST MILK	4
breastbone	218	2810	BREASTBONE	2
breastfeed	219	2472	SUCKLE (BREASTFEED, NURSE)	4
breath	220	870	BREATH	2
breathe	221	1407	BREATHE	2
brew	222			
bridge	223	1011	BRIDGE	2
bright	224	679	BRIGHT	2
bring	225	692	BRING	2
bring up (child)	226	2134	RAISE (BRING UP)	4
broken	227	588	BROKEN	2
broken (separated)	228	3191	BROKEN (SHATTERED)	4
broom	229	245	BROOM	2
brother	230	1262	BROTHER	2
bubble up (hot water)	231	792	BOIL (OF LIQUID)	4
bud	232	1684	BUD	2
bullet	233	1114	BULLET	2
bumblebee	234			
bump into	235			
bun (hair)	236			
bundle	237	2943	BUNDLE	2
burn (intr.)	238	1428	BURNING	2
burn (tr.)	239	141	BURN (SOMETHING)	2
bury	240	1719	BURY	2
bush	241	1683	BUSH	2
but	242	3843	BUT	2
butterfly	243	1791	BUTTERFLY	2
buttocks	244	834	BUTTOCKS	2
buttress root	245			
by (near)	246	1942	NEAR	
cage	247	3283	CAGE	2
cake	248	2408	CAKE	2
calf	249	1989	CALF	2
call	250	1084	CALL	2
calm	251	258	CALM	2
can	252	972	BE ABLE	2
canal (small)	253	2002	DITCH	4
cannon	254	3202	CANNON	2
care for spouse of deceased	255			
carrion	256	767	CORPSE	
carry on back	257	465	CARRY ON BACK	2
carry on hip	258	1448	HOLD	
carry on shoulders with a carrying pole	259	3438	CARRY (WITH POLE ON SHOULDER)	
carve	260	228	CARVE	2
cassava/yam/tuber	261	925	CASSAVA	4
cassava/yam/tuber (Manihot utilissima)	262	925	CASSAVA	4
cast rope	263			
casting net	264			
castrated	265	29	GELD	
cat	266	1208	CAT	2
catch	267	702	CATCH	2
catch (water)	268	697	CONTAIN	
caterpillar	269	2247	CATERPILLAR	2
cause of disease	270			
ceiling beam	271	1132	BEAM	
centipede	272	1974	CENTIPEDE	2
certain	273	509	CERTAIN	2
chalk	274	2540	LIME (MATERIAL)	
change	275	2856	CHANGE (SOMETHING)	
chaotic	276	1083	MESS	4
charcoal	277	1188	CHARCOAL	2
chase (away)	278	30	DISPEL	4
cheap	279	1887	CHEAP	2
cheek	280	1730	CHEEK	2
chew	281	321	CHEW	2
chicken	282	1318	CHICKEN	2
chili	283	919	CHILI PEPPER	2
chin	284	1510	CHIN	2
Chinese	285	3373	HAN CHINESE	2
chirp	286			
chisel (n.)	287	1979	CHISEL	1
choose	288	1750	CHOOSE	2
chop (up)	289	155	CHOP	4
cigarette	290	969	CIGARETTE	2
cigarette paper	291			
citrus	292			
civet	293	3157	CIVET	2
clan head	294	301	CHIEFTAIN	
clay	295	1399	CLAY	2
clean (a.)	296	704	CLEAN	4
clean burned wood	297			
clear	298	3710	CLEAR (TO SEE)	2
clearing (in forest)	299	2284	CLEARING	4
clever	300	1310	CLEVER	2
cliff	301	992	CLIFF	2
climb	302	1102	CLIMB	2
climb up tree	303	1102	CLIMB	
clitoris	304	3257	CLITORIS	2
clobber	305	354	POUND	
clock	306	1323	CLOCK	2
close (v.)	307	1046	SHUT	3
close eyes	308	2063	CLOSE (EYES)	
closed	309	589	CLOSED	2
cloth	310	1616	CLOTH	2
clothes (general)	311	1895	CLOTHES	4
clothes (lower)	312	1895	CLOTHES	4
clothes (upper or lower)	313	1895	CLOTHES	4
clothes (upper)	314	1895	CLOTHES	2
cloud	315	1489	CLOUD	2
cloudy	316	2341	CLOUDY	2
clove	317	2000	CLOVE	2
coast	318	1525	COAST	2
coccyx	319			
cockroach	320	1575	COCKROACH	2
coconut	321	970	COCONUT	2
coconut (young)	322	970	COCONUT	4
coconut milk	323			
coconut seed	324			
coconut shell	325			
coconut tree	326	147	COCONUT TREE	2
coconut water	327			
cold (a.)	328	1287	COLD	2
cold (n.)	329	2932	COLD (CHILL)	1
collapse	330	1280	FALL	
colourful	331	2997	COLORFUL	2
comb (n.)	332	1475	COMB	1
comb (v.)	333	2070	COMB (VERB)	1
come	334	1446	COME	2
come here!	335	3555	COME HERE	2
come out	336	1107	GO OUT	2
commit adultery	337	902	ADULTERY	
completely	338			
concerning	339			
conduct (n.)	340	3111	CONDUCT	4
confess	341	2022	ADMIT	4
confused	342	3858	CONFUSED	2
connected	343			
content	344	3967	CONTENT	2
cook	345	1100	COOK (SOMETHING)	2
cooking banana	346	868	BANANA	
cool down	347	3068	COOL DOWN	4
copper	348	1825	COPPER	2
copulate	349	549	COPULATE	2
coral	350	3179	CORAL ROCK	2
coral bridge	351	1011	BRIDGE	
coral reef	352	660	REEF	
core family	353	194	FAMILY	
corner	354	192	CORNER	2
corpse	355	767	CORPSE	2
correct	356	1725	CORRECT (RIGHT)	2
cotton	357	1850	COTTON	2
cough	358	3913	COUGH (ACT OF COUGHING)	2
count	359	1420	COUNT	2
cousin	360	1643	COUSIN	2
cover (v.)	361	761	COVER	1
cow	362	1007	COW	2
crab (beach)	363	2348	CRAB	4
crab (land)	364	2348	CRAB	4
crab (saltwater)	365	2348	CRAB	4
crab (shore)	366	2348	CRAB	4
crack open	367	3080	SPLIT OPEN	4
cramp	368			
cramped	369	1414	SQUEEZE	
crawl	370	96	CRAWL	2
crazy	371	1899	MAD	2
cricket	372	2354	CRICKET	2
crippled	373	320	LAME	4
crocodile	374	1857	CROCODILE	2
crooked	375	297	CROOKED	2
crop (bird)	376	611	HARVEST	4
cross (v.)	377	574	TRANSIT	1
crowbar (wooden)	378	1361	TOOL	
crowded	379	2517	CROWDED	2
crush	380	1520	CRUSH	2
cry (weep)	381	1839	CRY	2
cultivate a field	382	1541	CULTIVATE	
culture hero	383			
cup	384	476	CUP	2
cup (porcelain)	385	476	CUP	4
cured	386	1978	RECOVER	
current (n.)	387	2935	CURRENT (STREAM)	3
currently	388	1376	NOW	
curse (v.)	389	8	CURSE	1
cut	390	1432	CUT	2
cut down	391	355	CUT DOWN	2
cut down grass	392	355	CUT DOWN	
cut off	393	1437	SPLIT	
cut twigs	394	1432	CUT	
dance (n.)	395	3472	DANCE (MOVEMENT)	1
dance (v.)	396	1879	DANCE	1
dare	397	1779	DARE	2
dark	398	706	DARK	2
date (v.)	399	3801	DATE (FRUIT)	4
daughter-in-law	400	1057	DAUGHTER-IN-LAW	2
dawn	401	729	DAWN	2
day	402	1260	DAY (24 HOURS)	2
day after tomorrow	403	1179	DAY AFTER TOMORROW	2
day before yesterday	404	1180	DAY BEFORE YESTERDAY	2
daydream	405			
daylight	406	1225	DAY (NOT NIGHT)	2
deaf	407	996	DEAF	2
death	408	910	DEATH	2
debt	409	1914	DEBT	2
deceive	410	3230	DECEIVE	2
deep	411	1593	DEEP	2
deep blue	412		BLUE	
deep sea	413	1474	SEA	
deer	414	1936	DEER	2
defend	415	1330	DEFEND	2
delete	416			
deliberately	417	1162	INTENTION	
delimited	418			
deliver message	419	1127	SEND	
demon	420	1973	DEMON	2
dense (forest)	421	2239	DENSE	4
deny	422	755	DENY	2
depart	423	1752	LEAVE	2
departure	424			
descend	425	2014	GO DOWN (DESCEND)	2
deserted	426			
destroyed	427	680	BREAK (DESTROY OR GET DESTROYED)	
devil	428	3917	DEVIL	2
dew	429	1977	DEW	2
diarrhea	430	1177	DIARRHEA	2
dibber	431			
dibble	432	3155	DIBBLE STICK	
difference	433			
difficult	434	584	DIFFICULT	2
dig	435	1418	DIG	2
dig a hole	436	1418	DIG	
dig out a hole	437	1418	DIG	
diligent	438	2077	DILIGENT	2
Dillenia tree	439	906	TREE	
dim (a.)	440	706	DARK	4
dingy	441	1230	DIRTY	
direction	442	3427	DIRECTION	2
dirty	443	1230	DIRTY	2
disgusting	444	2507	DISGUSTING	2
dislike	445	1607	HATE	
district	446	1300	COUNTRY	4
dive	447	119	DIVE	2
divided (math)	448	1119	DIVIDE	
divorce	449	1134	DIVORCE	2
divorced	450	3672	DIVORCE (SEPARATE)	
dizzy	451	2712	GET DIZZY	4
dog	452	2009	DOG	2
don't know	453			
don't you!	454	2660	DO NOT DO IT	
door	455	1567	DOOR	2
door jamb	456	80	DOORPOST	
double (v.)	457	1546	TWICE	4
doubt	458	1308	DOUBT	2
downstream	459			
dowry	460	3168	DOWRY	2
draw water	461	1911	DRAW (WATER)	2
dream (n.)	462	2374	DREAM	1
dream (v.)	463	1920	DREAM (SOMETHING)	1
drip	464	808	DRIP (FALL IN GLOBULES)	2
drizzle	465	1016	DRIZZLE	2
drop	466	2866	DROP (SOMETHING)	2
drunk	467	1463	DRUNK	2
dry (a.)	468	1398	DRY	2
dry (v.)	469	1786	DRY UP	3
dry over fire	470	1786	DRY UP	
dry season	471	452	DRY SEASON	2
dull	472	905	BORING	2
dun	473	1828	ASK (REQUEST)	
dusk	474	2297	DUSK	2
dust	475	2	DUST	2
dwarf	476			
eagle	477	1905	EAGLE	2
earlier	478	1882	BEFORE	
early evening	479	1629	EVENING	4
earring	480	770	EARRING	2
earth, soil	481	1228	EARTH (SOIL)	2
earthquake	482	6	EARTHQUAKE	2
earthworm	483	2350	EARTHWORM	2
ease off	484	2864	DECREASE	
east	485	1877	EAST	2
easy	486	686	EASY	2
edge	487	863	EDGE	2
eel	488	1013	FRESHWATER EEL	2
egg	489	744	EGG	2
eggplant	490	1146	AUBERGINE	2
eight hundred	491	3519	EIGHT HUNDRED	2
eighteen	492	1713	EIGHTEEN	2
eighty	493	1722	EIGHTY	2
elbow	494	981	ELBOW	2
eleven	495	1706	ELEVEN	2
embark (ship)	496	1752	LEAVE	
embarrassed	497	3805	SHY OR ASHAMED	
emerge in water	498	1076	EMERGE (APPEAR)	
empty	499	1624	EMPTY	2
enclosure	500	1690	FENCE	4
end (v.)	501	1766	FINISH	3
ending	502	743	END (OF TIME)	
enemy	503	1358	ENEMY	2
Enggano Island	504	622	ISLAND	
Enggano person	505	1549	TRIBE	
enough	506	1881	ENOUGH	2
enter	507	749	ENTER	2
equal	508	1570	EQUAL	2
equal (v.)	509	1570	EQUAL	4
erect (house)	510	1840	BUILD	
erupt	511	3112	ERUPT	2
escape	512	1615	ESCAPE	2
estuary	513	2286	ESTUARY	2
even (number)	514	1633	FLAT	4
evening	515	1629	EVENING	2
evening star	516	3341	EVENING STAR	2
every now and then	517	1544	SOMETIMES	
everywhere	518	2999	EVERYWHERE	2
evil	519	45	EVIL	2
exaggerate	520			
examine	521	1819	LOOK	4
example	522			
exchange	523	2509	EXCHANGE	2
exist	524	1579	BE	2
expensive	525	1426	EXPENSIVE	2
extend	526	3700	LENGTHEN	
extinguish (fire)	527	127	EXTINGUISH	4
eye abscess	528	793	BOIL (OF SKIN)	
eyebrow	529	1173	EYEBROW	2
eyelashes	530	1540	EYELASH	2
eyelid	531	17	EYELID	2
eyelid dermatitis	532	1986	DISEASE	
face	533	1560	FACE	2
face down	534			
face outwards	535			
fall	536	1280	FALL	2
fall out (teeth)	537	2894	TUMBLE (FALL DOWN)	
family	538	194	FAMILY	2
family (plants)	539	194	FAMILY	4
far	540	1406	FAR	2
farmer	541	979	FARMER	2
fart (n.)	542	1159	FART	4
fasten	543	1094	FASTEN	2
fat (a.)	544	1279	FAT (OBESE)	4
fat (n.)	545	2449	FAT (OF MEAT AND FOOD)	1
fear (v.)	546	1419	FEAR (BE AFRAID)	1
feather	547	1201	FEATHER	2
feces	548	675	FAECES (EXCREMENT)	2
feel	549	1079	FEEL	2
feel sick	550	1847	SICK	4
feel/sense	551	2521	FEELING (HAPTIC SENSE)	4
feeling	552	2573	FEELING (EMOTION)	2
fell (high-stemmed trees)	553	355	CUT DOWN	4
fell (low-stemmed trees)	554	355	CUT DOWN	4
fence	555	1690	FENCE	2
fence (small)	556	1690	FENCE	4
fern	557	3802	FERN	2
fever	558	1534	FEVER	2
few	559	1242	FEW	2
fiber	560	1161	THREAD	4
fiber (leaf)	561	1161	THREAD	4
field	562	212	FIELD	2
fierce	563	2230	UNTAMED OR WILD	4
fight (n.)	564	3880	FIGHT (COMBAT)	3
fight (v.)	565	1423	FIGHT	1
fight against	566	3880	FIGHT (COMBAT)	
fighting cock	567	1511	ROOSTER	
file (tool)	568	3407	FILE (TOOL)	2
fill	569	2006	FILL	2
filth	570	25	DIRT	2
finally	571	1529	LAST (FINAL)	
find	572	719	FIND	2
fine (a.)	573	1234	SMOOTH	4
fine (penalty)	574	218	FINE (PENALTY)	2
finger bowl	575	2053	SMALL BOWL	
finger coral	576	3179	CORAL ROCK	
fingernail	577	1258	FINGERNAIL	2
finished	578	1766	FINISH	
fireplace	579	185	FIREPLACE	2
firewood	580	10	FIREWOOD	2
first	581	728	FIRST	2
firstborn	582			
fish (v.)	583	2638	FISHING	1
fishbone	584	3799	FISHBONE	2
fishhook	585	1074	FISHHOOK	2
fishing net	586	388	FISHNET	2
fishing rod	587	1071	HOOK	
fist	588	1473	FIST	2
five hundred	589	3516	FIVE HUNDRED	2
fixed	590			
flag (n.)	591	2623	FLAG	3
flame	592	889	FLAME	2
flannell	593	1616	CLOTH	
flat (a.)	594	1633	FLAT	4
flat land	595	626	LAND	
flavour	596	2190	TASTE	2
flea	597	232	FLEA	2
flesh	598	2615	FLESH OR MEAT	2
flirt	599	494	FLIRT	2
float	600	1574	FLOAT	2
flood	601	613	HIGH TIDE	2
floor	602	1632	FLOOR	2
floor beam	603	1132	BEAM	
flour	604	1594	FLOUR	2
flow	605	2003	FLOW	2
flower	606	239	FLOWER	2
flu	607	102	COMMON COLD (DISEASE)	
flute	608	777	FLUTE	2
fly (n.)	609	1504	FLY (INSECT)	1
fly (v.)	610	1441	FLY (MOVE THROUGH AIR)	1
foam	611	1768	FOAM	2
fold	612	1470	FOLD	2
follow	613	1085	FOLLOW	2
food	614	256	FOOD	2
footstep	615	318	FOOTPRINT	2
for nothing	616	1765	IN VAIN	
forbidden	617			
forehead	618	123	FOREHEAD	2
foreign	619	109	FOREIGN	2
foreigner	620	1782	GUEST	
forest	621	420	FOREST	2
forge	622	288	FORGE	2
forget	623	1523	FORGET	2
form (n.)	624	3747	SHAPE	4
former	625	3004	FORMER	2
fortification	626	1938	FORTRESS	
forty	627	1716	FORTY	2
four hundred	628	3515	FOUR HUNDRED	2
fourteen	629	2451	FOURTEEN	2
fragrance	630	376	FRAGRANT	
fragrant	631	376	FRAGRANT	2
free	632	2316	FREE	2
friend	633	1325	FRIEND	2
frizzy (hair)	634			
frog (Rana macrodon)	635	503	FROG	4
from	636	693	FROM	2
from above	637	693	FROM	
from below	638	693	FROM	
from inside	639	693	FROM	
from where?	640	693	FROM	
frothy	641	1768	FOAM	
fruit	642	1507	FRUIT	2
fruits	643	1507	FRUIT	4
fuck	644	549	COPULATE	4
full (filled)	645	1429	FULL	4
full (sated)	646	106	SATIATED	4
funeral ceremony	647	3336	FUNERAL	
funeral meal	648	256	FOOD	
fur	649	580	FUR	2
gable	650	2100	THATCH OR ROOF	
galangal	651			
gape	652	1028	YAWN	2
gappy	653	2948	GAP (DISTANCE)	
garden	654	586	GARDEN	2
garden (half old)	655	586	GARDEN	4
gather	656	7	GATHER	2
genitalia (female)	657	198	GENITALIA	4
genitalia (male)	658	198	GENITALIA	4
get	659	694	GET	2
get sick	660	2327	BECOME SICK	4
get up (from sleep)	661	1602	WAKE UP	4
ghost	662	1175	GHOST	2
giant clam (Tridacna gigas)	663	2829	MUSSELS	
giant taro (Alocasia macrorrhizos	664	351	TARO	
gift	665	2982	GIFT	2
gill	666	1916	GILL	2
ginger	667	2500	GINGER	2
girl	668	1646	GIRL	2
give	669	1447	GIVE	2
give birth	670	1195	GIVE BIRTH	2
give up	671	1696	SURRENDER	2
gloomy	672	1552	GLOOMY	2
gnat	673	1509	MOSQUITO	2
Gnetum gnemon	674			
go	675	695	GO	2
go astray	676	423	GET LOST	
go away	677	1752	LEAVE	2
go away!	678	1752	LEAVE	4
go first	679	43	LEAD (GUIDE)	
go home	680	142	RETURN HOME	4
go hunting	681	1435	HUNT	4
go octopus hunting	682	1435	HUNT	
go slowly	683	2165	SLOWLY	
go to bed	684	1585	SLEEP	
go to sleep (of limb)	685	2216	BECOME NUMB	
go to the side	686			
go together	687	695	GO	
go upriver	688	705	GO UP (ASCEND)	
go! (imperative)	689	695	GO	4
God	690	1944	GOD	2
gold	691	1369	GOLD	2
good	692	1035	GOOD	2
goodbye	693	3554	GOODBYE	4
goods/thing	694	738	THING	4
gouge	695	1735	TEAR (SHRED)	
grab	696	855	SEIZE	2
grain	697	605	GRAIN	2
grandchild	698	1617	GRANDCHILD	2
grandparent	699	305	GRANDPARENTS	2
grasp	700	2021	GRASP	2
grass	701	606	GRASS	2
grasshopper	702	607	GRASSHOPPER	2
grave	703	1773	GRAVE	2
graveyard	704	3284	GRAVEYARD	2
graze	705	3058	GRAZE	2
great-grandchild	706			
great-grandparent	707			
greedy	708	2018	GREEDY	2
green	709	1425	GREEN	2
greet	710	3552	GREET	2
grey hair	711	2648	HAIR (HEAD)	
grind	712	1033	GRIND	2
grinding stone	713	2459	GRINDSTONE	2
grope	714			
grow (intr.)	715	479	GROW	4
grudge	716	887	BITTER	
grunt	717			
guard	718	1940	GUARD	2
guard (v.)	719	1940	GUARD	3
guest	720	1782	GUEST	2
gums	721	139	GUMS	2
hack	722	3889	CUT OR HACK	4
half	723	816	HALF	2
hammer	724	1481	HAMMER	2
hammock	725	2019	HAMMOCK	2
handicapped	726			
handkerchief	727	1020	HANDKERCHIEF	2
handle	728	1254	HANDLE	2
hang (intr.)	729	2884	HANG	4
happy	730	1495	HAPPY	2
hard (firm)	731	1884	HARD	4
harvest	732	611	HARVEST	2
hat	733	771	HAT	2
hatch	734	3116	HATCH (OUT)	2
hate (n.)	735	3749	HATE (LOATHING)	3
hate (v.)	736	1607	HATE	1
have	737	773	HAVE	2
have a child	738	1195	GIVE BIRTH	
have a meeting	739	3070	HOLD A MEETING	
have diarrhea	740	2714	HAVE DIARRHEA	4
have miscarriage	741			
have trouble	742	2425	PROBLEM	
he (deceased)	743	1211	HE	4
head scarf	744	3066	SCARF OR TURBAN	
headache	745	3625	HEADACHE	2
headgear	746	2130	HEADGEAR	2
headman	747	301	CHIEFTAIN	2
headwaters	748	2672	HEADWATERS	2
healthy	749	1364	HEALTHY	2
hear	750	1408	HEAR	2
heart	751	1223	HEART	2
heat of sun	752	612	HEAT	
heavy (rain)	753	1210	HEAVY	4
heel	754	980	HEEL	2
heir	755	3664	INHERIT	
heirlooms	756	2982	GIFT	
help (n.)	757	3467	HELP (ASSISTANCE)	3
help (v.)	758	1897	HELP	3
hen	759	1514	HEN	2
here	760	136	HERE	2
heritage	761			
heron	762	758	HERON	2
hey!	763			
hide	764	2486	HIDE	2
hide (intr.)	765	2486	HIDE	4
hide (tr.)	766	602	HIDE (CONCEAL)	2
high	767	2790	HIGH OR TALL	2
high tide	768	613	HIGH TIDE	2
high tide (extreme)	769	613	HIGH TIDE	4
his/her	770	2092	HIS OR HER	2
hiss (snakes)	771	3685	HISS	4
history	772			
hit	773	1433	HIT	2
hoe	774	284	HOE	2
hoe (v.)	775	1921	PLOUGH	4
hole	776	1667	HOLE	2
holed	777			
holy place	778			
home of the deceased	779	2406	HOME	
hood	780			
hope (n.)	781	3211	HOPE (FAITH)	3
horizon (at sea)	782	2287	HORIZON	4
horn (triton shell used as instrument)	783	775	TRUMPET	4
horse	784	615	HORSE	2
hot	785	1286	HOT	2
how long ago?	786	2338	HOW LONG	
how many?	787	822	HOW MANY	2
how?	788	1239	HOW	2
hug (n.)	789	928	EMBRACE	4
hug (v.)	790	928	EMBRACE	3
human being	791	683	PERSON	2
hungry	792	1533	BE HUNGRY	2
hunt	793	1435	HUNT	2
hunt with dog	794	1435	HUNT	
hurt	795	2561	HURT (SENSE PAIN)	2
husband	796	1200	HUSBAND	2
husk	797	2501	RICE HUSK	2
hut	798	1678	HUT	2
hut for smoking coconut	799	1678	HUT	
if	800	1459	IF	2
illness	801	1986	DISEASE	2
in	802	1460	IN	2
in front	803	1883	IN FRONT OF	2
in the evening	804	1629	EVENING	
in-law	805			
increase	806	1041	INCREASE	2
index finger	807	577	FOREFINGER	2
index toe	808	1389	TOE	
Indian almond (Terminalia catappa)	809	3815	ALMOND	
infected wound	810	1109	WOUND	
inflate (intr.)	811	1041	INCREASE	
inherit	812	3664	INHERIT	2
inject	813	246	THRUST	
inlet	814	608	GULF	
inside	815	1606	INSIDE	2
inside the house	816	1606	INSIDE	
install	817			
instead	818	1652	INSTEAD	2
instrument for octopus hunting	819	1361	TOOL	
instrument for peeling coconut	820	1361	TOOL	
instrument for shaving coconut	821	1361	TOOL	
intent	822	1162	INTENTION	
intestines	823	1991	INTESTINES	2
intimidate	824	252	FRIGHTEN	
Intsia bijuga	825			
iron	826	621	IRON	2
iron (rusty)	827	621	IRON	4
island	828	622	ISLAND	2
jackfruit	829	2655	JACKFRUIT	2
jackfruit (Artocarpus integrifolia)	830	2655	JACKFRUIT	4
Jakarta	831			
Japanese	832			
jaw	833	798	JAW	2
jealous(y)	834	2821	JEALOUS	4
Jew's harp	835	3319	JEWâ€™S HARP	2
join	836	1743	JOIN	2
judge	837	1818	ADJUDICATE	2
jump	838	1829	JUMP	2
k.o. aquatic animal	839	619	ANIMAL	
k.o. bamboo	840	1927	BAMBOO	
k.o. bird	841	937	BIRD	
k.o. cake	842	2408	CAKE	
k.o. caterpillar	843	2247	CATERPILLAR	
k.o. fabric	844	1616	CLOTH	
k.o. fish	845	227	FISH	
k.o. fruit tree	846	906	TREE	
k.o. grass	847	606	GRASS	
k.o. grasshopper	848	607	GRASSHOPPER	
k.o. kitchen utensil	849	1361	TOOL	
k.o. leech	850	2273	LEECH	
k.o. red bird	851	937	BIRD	
k.o. sap	852	345	SAP	
k.o. sea mollusk	853	2785	BIVALVIA (MUSSELS OR OYSTERS)	
k.o. sea shell	854	598	SHELL	
k.o. sea snail	855	1543	SNAIL	
k.o. snail	856	1543	SNAIL	
k.o. snake fruit	857	1507	FRUIT	
k.o. tree	858	906	TREE	
k.o. tree (fragrant)	859	906	TREE	
kapok tree (Ceiba pentandra)	860	2499	KAPOK TREE	4
keep from	861	2762	BLOCK (THE WAY)	
kettle	862	854	KETTLE	2
key	863	1472	KEY	2
kick	864	1135	KICK	2
kin	865	194	FAMILY	4
kiss (v.)	866	578	KISS	1
knead	867	274	KNEAD	2
knee	868	1371	KNEE	2
knife	869	1352	KNIFE	2
knit	870	2905	KNIT	2
knot	871	760	KNOT	2
know	872	3626	KNOW	2
kuat	873	785	STRONG	
kunai grass (Imperata cylindrica)	874	606	GRASS	
ladle (bamboo)	875	2657	LADLE	4
lake	876	624	LAKE	2
lame	877	320	LAME	2
lamp	878	625	LAMP	2
land	879	626	LAND	2
land as salary	880	1122	WAGES	
landscape	881	2342	LANDSCAPE	2
lap	882	3263	LAP	2
last	883	1529	LAST (FINAL)	2
later	884	477	LATE	2
layer	885			
lazy	886	1564	LAZY	2
leaf	887	628	LEAF	2
leaf sheath of betelnut	888	628	LEAF	
leak (boat)	889	2253	DRIP (EMIT LIQUID)	4
leak (house)	890	2253	DRIP (EMIT LIQUID)	4
lean	891	3619	LEAN	2
leave (tr.)	892	1752	LEAVE	2
leave for (a place)	893	1752	LEAVE	
leech	894	2273	LEECH	2
left side	895	244	LEFT	2
lend	896	582	LEND	2
length	897	2537	LENGTH	2
let	898	2896	CAUSE TO (LET)	2
let off	899			
let's	900			
let's go	901			
letter	902	1612	LETTER	2
lever	903			
liana	904	2388	LIANA	2
lid (for pot)	905	2319	LID (COVER, CAP)	4
lie (n.)	906	2826	LIE (FALSEHOOD)	3
lie down	907	215	LIE DOWN	2
lie on stomach	908	215	LIE DOWN	
lie prone	909	215	LIE DOWN	
lie supine	910	215	LIE DOWN	
life	911	210	LIFE	2
lift up	912	501	LIFT	4
light (n.)	913	630	LIGHT (RADIATION)	1
like (prep.)	914	1558	SIMILAR	4
like that	915	1558	SIMILAR	
like this	916	1558	SIMILAR	2
limb (tree)	917	1531	BRANCH	4
limestone	918	668	ROCK	
Limnocharis flava	919			
line up (intr.)	920			
lips	921	478	LIP	2
little toe	922	1389	TOE	
liver	923	1224	LIVER	2
livestock	924	631	LIVESTOCK	2
livestock of deceased person	925	631	LIVESTOCK	
lizard	926	632	LIZARD	2
load (n.)	927	1679	LOAD	3
local people	928	789	PEOPLE	
locative preposition	929	1461	AT	
loincloth	930	1965	LOINCLOTH	2
long (distance)	931	1203	LONG	2
long (time)	932	418	FOR A LONG TIME	4
look (appear)	933	1521	SEEM	4
Lord	934	3153	LORD	2
lose	935	3072	MISPLACE	2
lost	936	3667	LOST	2
louse	937	1392	LOUSE	2
love (n.)	938	3834	LOVE (AFFECTION)	3
love (v.)	939	923	LOVE	1
love song	940	1096	SONG	
low	941	721	LOW	2
low tide	942	1026	LOW TIDE	2
lower jaw	943	798	JAW	
lung	944	688	LUNG	2
lurk	945			
machete	946	2680	MACHETE	2
made of what?	947	3268	QUESTION	
maid	948	255	SERVANT	
main post (in house)	949	281	POST	
maintenance	950	1997	PRESERVE	
make a loss	951			
make fence around	952	1010	BOUNDARY	
make fire	953	737	LIGHT (IGNITE)	
making an impression	954	1863	AMAZING	
Malay person	955	789	PEOPLE	
man	956	2106	MALE PERSON	2
mango	957	2398	MANGO	2
mangrove	958	350	MANGROVE	2
many/much	959	538	MULTITUDE	4
marriage	960	2432	MARRIAGE	2
marriage (of a man)	961	2432	MARRIAGE	4
marriage (of a woman)	962	2432	MARRIAGE	4
marriage agreement	963	3644	AGREEMENT	
marrow	964	1835	MARROW	2
marry	965	203	MARRY	2
marry (a man)	966	2163	MARRY (AS WOMAN)	2
marry (a woman)	967	2164	MARRY (AS MAN)	2
massage (v.)	968	3119	MASSAGE (SOMEBODY)	3
mast	969	184	MAST	2
mastwood (Calophyllum tree)	970	906	TREE	
mat	971	195	MAT	2
maybe	972	2278	PERHAPS	
meaning	973	2950	MEANING	2
measles	974	3389	MEASLES	2
measure (n.)	975	2845	SIZE (OF OBJECT)	4
measure (v.)	976	1506	MEASURE	3
medicine	977	1372	MEDICINE	2
medicine man	978	394	SHAMAN (FOLK HEALER)	2
meet	979	1831	MEET	2
meeting	980	3070	HOLD A MEETING	
menstruation	981	766	MENSTRUATION	2
mention	982	1458	SAY	
merchant	983	1082	MERCHANT	2
merely	984	1580	ONLY	
message (n.)	985	2961	MESSAGE	3
miaow	986			
middle	987	1093	MIDDLE	2
middle finger	988	3387	MIDDLE FINGER	2
middle toe	989	1389	TOE	
midwife	990	3859	MIDWIFE	2
millipede	991			
minus	992			
mirror	993	1171	MIRROR	2
miscarriage	994			
miss (v.)	995	2328	MISS (SOMEBODY)	3
mistaken	996	1390	WRONG	4
mister	997	2106	MALE PERSON	
mixed	998	2017	MIX	
mock	999	2760	MAKE A JOKE	4
molar	1000	1049	MOLAR TOOTH	2
mold	1001	289	MOLD	2
money	1002	1559	MONEY	2
monitor lizard	1003	3017	MONITOR LIZARD	2
monsoon	1004	453	RAINY SEASON	
month	1005	1370	MONTH	2
moon eclipse	1006	2285	ECLIPSE	
more	1007	1992	MORE	2
morning	1008	1339	MORNING	2
mortar	1009	224	MORTAR	2
mosquito	1010	1509	MOSQUITO	2
mosquito bite	1011	1403	BITE	
mottled	1012			
mountain	1013	639	MOUNTAIN	2
move (intr.)	1014	2874	MOVE (ONESELF)	2
move (on, away)	1015	695	GO	4
move house	1016	2874	MOVE (ONESELF)	
move upper body back and forth	1017			
mud	1018	640	MUD	2
muddy	1019	537	TURBID	4
mug	1020	1530	BOWL	2
mumble	1021	128	MUMBLE	2
municipality	1022	3609	TOWN OR VILLAGE	
mustache	1023	1165	MOUSTACHE	2
mute	1024	2320	MUTE PERSON	2
mutual help between individuals	1025	3468	KINDNESS	
mutual help between many people	1026	3468	KINDNESS	
my	1027	2090	MY	2
nail (tool)	1028	502	NAIL (TOOL)	2
naked	1029	590	NAKED	2
name	1030	1405	NAME	2
nape	1031	1347	NAPE (OF NECK)	2
narrow	1032	1267	NARROW	2
naughty	1033	3813	DISOBEDIENT	
nauseous	1034	1847	SICK	
navel	1035	1838	NAVEL	2
near	1036	1942	NEAR	2
neck	1037	1333	NECK	2
neck ring	1038	1961	NECKLACE	
necklace	1039	1961	NECKLACE	2
needle	1040	1382	NEEDLE (FOR SEWING)	2
needle for nets	1041	1382	NEEDLE (FOR SEWING)	
negligent	1042			
nephew/niece	1043	3890	NEPHEW OR NIECE	2
nest	1044	539	NEST	2
net	1045	2963	NET	2
new	1046	1231	NEW	2
new residence	1047	2406	HOME	
newborn child	1048	2099	CHILD	
newcomer	1049	2908	GUEST OR STRANGER	
nickname	1050	3835	BE CALLED BY NAME	
night	1051	1233	NIGHT	2
nine hundred	1052	3520	NINE HUNDRED	2
nineteen	1053	1714	NINETEEN	2
ninety	1054	1724	NINETY	2
nipa palm	1055	1181	PALM TREE	
nit	1056	267	NIT	2
no	1057	1269	NO	2
nod	1058			
noisy	1059	3883	NOISY	2
noni	1060	751	SHRUB	
noon	1061	12	MIDDAY	2
not arrive	1062	1240	NOT	
not be	1063	1240	NOT	
not enough	1064	2329	LACK (NOT HAVE)	
not yet	1065	1240	NOT	
notch	1066			
notched	1067			
nourish	1068	1997	PRESERVE	
now	1069	1376	NOW	2
oar	1070	3137	OAR	2
obey	1071	1635	OBEY	2
occiput	1072	1347	NAPE (OF NECK)	
offer	1073	1309	ASK (INQUIRE)	
often	1074	1852	OFTEN	2
oil	1075	2556	OIL (HYDROPHOBIC LIQUID)	2
oil lamp	1076	2556	OIL (HYDROPHOBIC LIQUID)	
old man	1077	406	OLD MAN	2
old woman	1078	907	OLD WOMAN	2
older sibling	1079	405	OLDER SIBLING	2
on that side	1080	682	SIDE	
on this side	1081	682	SIDE	
once	1082	374	ONE TIME	2
Oncosperma tigillarium	1083			
one thousand five hundred	1084			
one thousand four hundred	1085			
one thousand one hundred	1086			
one thousand six hundred	1087			
one thousand three hundred	1088			
one thousand two hundred	1089	3791	ONE THOUSAND TWO HUNDRED	2
one-eyed	1090			
only	1091	1580	ONLY	2
ooze out	1092	2253	DRIP (EMIT LIQUID)	
open (a.)	1093	3235	OPEN (STATE)	4
open (v.)	1094	1156	OPEN	1
opponent	1095	1358	ENEMY	
opposite	1096	885	OPPOSITE	2
order (n.)	1097	1128	ORDER	4
order (v.)	1098	1128	ORDER	3
orphan	1099	1149	ORPHAN	2
other	1100	197	OTHER	2
our (excl.)	1101	780	OUR	4
our (incl.)	1102	780	OUR	4
ours (incl.)	1103	780	OUR	4
out (fire)	1104	2209	BECOME EXTINGUISHED	
outrigger	1105	416	OUTRIGGER	2
outside	1106	762	OUTSIDE	2
over	1107	1741	ABOVE	2
over there	1108	3411	OVER THERE	2
oversized (clothes)	1109	1202	BIG	
owl	1110	735	OWL	2
Padang	1111	2547	CITY	
paddle (n.)	1112	234	PADDLE	1
paddle (v.)	1113	3668	PADDLE (MOVEMENT)	3
pain in teeth	1114	1783	PAIN	
painful	1115	1129	PAINFUL	2
painful part	1116	1783	PAIN	
pair (n.)	1117	1888	PAIR	3
palate	1118	540	PALATE	2
pale	1119			4
palm (of hand)	1120	1183	PALM OF HAND	2
palm leaf	1121	628	LEAF	
palm tree	1122	1181	PALM TREE	2
pandanus	1123	469	PANDANUS	2
papaya	1124	2445	PAPAYA	2
paper	1125	648	PAPER	2
parakeet	1126	886	PARAKEET	2
paralyzed	1127	1986	DISEASE	
parrot (green)	1128	882	PARROT	4
part	1129	779	PART	2
pass (time)	1130	1951	PASS	2
pass by	1131	558	PASS BY	2
patch (v.)	1132	3550	PATCH	1
path	1133	2252	PATH	2
patient	1134	3884	PATIENT	2
pay	1135	718	PAY	2
peace	1136	1338	PEACE	2
peck	1137	3684	PECK	2
pectoral fin	1138	213	FIN	
pedal	1139			
peel (n.)	1140	2373	SKIN (OF FRUIT)	4
peeled	1141	275	PEEL	
pencil	1142	2578	PENCIL	2
penis	1143	1222	PENIS	2
perimeter	1144	863	EDGE	
pester	1145	2869	BOTHER (HARASS)	4
pestle	1146	225	PESTLE	2
Phoebe	1147	906	TREE	
pick up	1148	371	PICK UP	2
pick up one by one	1149	371	PICK UP	
picture	1150	2401	PICTURE	2
pierce	1151	398	PIERCE	2
pierce in ears	1152	398	PIERCE	
pig	1153	1337	PIG	2
pig-catching net	1154	2653	NET (FOR CATCHING)	
pigsty	1155	3369	PIGSTY	4
pike	1156	2967	PIKE (FISH)	2
pile (n.)	1157	2984	HEAP	4
pillow	1158	1044	PILLOW	2
pimple	1159	1809	PIMPLE	2
pincers	1160	2812	CRAB CLAW	4
pinch	1161	378	PINCH	2
pinched	1162	378	PINCH	
pineapple	1163	2440	PINEAPPLE	2
pinkie	1164	2774	LITTLE FINGER	
pins and needles	1165			
pity (v.)	1166	1141	PITY	4
placenta	1167	3388	PLACENTA	2
plain	1168	652	PLAIN	2
plait	1169	1729	PLAIT OR BRAID OR WEAVE	2
Planchonia valida	1170	653	PLANT (VEGETATION)	
plane (a.)	1171	1633	FLAT	
plank bed	1172	1663	BED	
plant (n.)	1173	653	PLANT (VEGETATION)	3
plant (v.)	1174	1486	PLANT (SOMETHING)	3
plate	1175	480	PLATE	2
plate (wooden)	1176	480	PLATE	4
play	1177	1413	PLAY	2
please (v.)	1178	1828	ASK (REQUEST)	
plug (n.)	1179	1361	TOOL	
plunge	1180	119	DIVE	4
plus	1181			
point (v.)	1182	2669	POINT (WITH FINGER)	3
pointed	1183	372	POINTED	2
pole	1184	281	POST	2
pole (on sampan)	1185	281	POST	4
poor (poverty)	1186	1674	POOR	4
population	1187	789	PEOPLE	
porch	1188	3269	PORCH	2
possessed (by the devil)	1189			
possession	1190	3860	POSSESSIONS	
pot	1191	1462	POT	2
pot (earthen)	1192	2055	CLAY POT	4
pound (rice)	1193	3768	POUND (FOOD)	2
pound (v.)	1194	354	POUND	1
power	1195	2526	POWER	2
pray	1196	24	PRAY	2
pregnant	1197	1123	PREGNANT	2
press	1198	1913	PRESS	2
price	1199	657	PRICE	2
prison	1200	1281	PRISON	2
progress (v.)	1201	2912	FORWARD	
promise (v.)	1202	1675	PROMISE	3
promontory	1203	1662	CAPE	
protect	1204	2900	PROTECT	2
protected	1205	2900	PROTECT	
prow of boat	1206			
Pterospermum	1207	653	PLANT (VEGETATION)	
pubic hair	1208	36	PUBIC HAIR	2
pull	1209	1455	PULL	2
pull out (grass)	1210	2325	PULL OUT	4
pull the trigger	1211	1455	PULL	
pulse	1212	3267	PULSE	2
pumpkin	1213	864	PUMPKIN	2
punch	1214	2133	STRIKE OR BEAT	
punishment	1215	390	PUNISHMENT	2
pus	1216	1808	PUS	2
push	1217	1452	PUSH	2
put	1218	998	PUT	2
put down	1219	998	PUT	2
python	1220	1563	PYTHON	2
quarter	1221			
quick	1222	1631	FAST	2
quiet	1223	1314	QUIET	2
raft (river vehicle)	1224	1664	RAFT	4
rafter	1225	829	RAFTER	2
rainbow	1226	1733	RAINBOW	2
rambutan	1227	1507	FRUIT	
rarely	1228	1544	SOMETIMES	
rash	1229			
rat	1230	1490	RAT	2
rattan	1231	2497	RATTAN	2
rattan (Calamus manan)	1232	2497	RATTAN	4
rattan (Calamus penicillatus)	1233	2497	RATTAN	4
rattan (Calamus scipionum)	1234	2497	RATTAN	4
rattan (Daemonorops angustifolia)	1235	2497	RATTAN	4
rattan (thin)	1236	2497	RATTAN	4
rattan basket	1237	1539	BASKET	
rattan bowl	1238	1530	BOWL	
rattan hat	1239	771	HAT	
raw	1240	1959	RAW	2
ray (fish)	1241	227	FISH	
ray (light)	1242	630	LIGHT (RADIATION)	
ready	1243	790	READY	2
really	1244	1657	TRUE	4
receive	1245	694	GET	2
recovered	1246	1978	RECOVER	
red acacia (Vachellia seyal)	1247	906	TREE	
reed	1248	659	REED	2
regret	1249	1875	REGRET	2
reject	1250	49	REFUSE	4
relapse (illness)	1251	1986	DISEASE	
remember	1252	707	REMEMBER	2
remodel	1253			
remove weeds	1254	3548	PULL UP WEEDS	
repair	1255	2243	REPAIR	2
repeat	1256	880	REPEAT	2
repel	1257	30	DISPEL	
residence	1258	2406	HOME	4
restless	1259	3975	NERVOUS	
retreat	1260	421	RETREAT	2
return	1261	581	COME BACK	2
revenge	1262	495	REVENGE	2
rheumatics	1263	1986	DISEASE	
rhinoceros beetle	1264	2242	BEETLE	
rib	1265	801	RIB	2
rice (cooked)	1266	1191	COOKED RICE	2
rice (hulled)	1267	3289	UNCOOKED RICE	4
rice barn	1268	3025	BARN OR SHED	
rice field (dry)	1269	140	PADDY FIELD	4
rice field (wet)	1270	140	PADDY FIELD	4
rice kettle	1271	854	KETTLE	
rich	1272	712	RICH	2
rifle/gun	1273	1566	GUN	4
right away	1274	1963	IMMEDIATELY	4
right side	1275	1019	RIGHT	2
rim	1276	863	EDGE	4
ring	1277	1374	RING	2
ring finger	1278	1303	FINGER	
ring toe	1279	1389	TOE	
ripe	1280	178	RIPE	2
ripe banana	1281	868	BANANA	
ritual feast	1282	131	FESTIVAL	
river	1283	666	RIVER	2
river bend	1284	1698	CURVED	
road	1285	667	ROAD	2
roast (v.)	1286	1962	ROAST (SOMETHING)	3
roast chicken (v.)	1287	1962	ROAST (SOMETHING)	
rob	1288	2073	ROB (VERB)	2
rocky shore	1289	3465	SHORE OF SEA	
roll (v.)	1290	827	ROLL	3
roof	1291	769	ROOF	2
roof (palm)	1292	2100	THATCH OR ROOF	4
roof (rattan)	1293	2100	THATCH OR ROOF	4
roof beam	1294	1132	BEAM	
roof shingle	1295	279	THATCH	
rooster	1296	1511	ROOSTER	2
root	1297	670	ROOT	2
rope	1298	1218	ROPE	2
rose apple	1299	1320	APPLE	
rotten	1300	1728	ROTTEN	2
rough	1301	1923	ROUGH	2
round	1302	2303	SPHERICAL (ROUND IN THREE DIMENSIONS)	2
row (n.)	1303	1048	LINE	4
row (v.)	1304	1849	ROW	3
rowboat	1305	1844	BOAT	
rowing bench	1306	2584	BENCH	
rub	1307	1449	RUB	2
rude	1308	1412	RUDE	2
ruined	1309	680	BREAK (DESTROY OR GET DESTROYED)	4
run	1310	1519	RUN	2
rust	1311	3064	RUST	2
saber	1312	1535	SWORD	
sack	1313	2990	SACK	2
sacred place	1314	3335	SACRED GROVE	
sago	1315	2270	SAGO	2
sagu palm	1316	2372	SAGO PALM	
sail (n.)	1317	786	SAILCLOTH	1
sail (v.)	1318	787	SAIL	3
saliva	1319	1503	SALIVA	2
salt	1320	1274	SALT	2
saltwater	1321	948	WATER	
salty	1322	1091	SALTY	2
same	1323	200	SAME	2
sand	1324	671	SAND	2
sandbank	1325			
sap	1326	345	SAP	2
sarong	1327	2413	SARONG	2
satisfied	1328	1495	HAPPY	4
save	1329	2008	RESCUE	2
saw (tool)	1330	1948	SAW	4
say	1331	1458	SAY	2
scabies	1332	3172	SCABIES	2
scale (for weighing)	1333	2783	SCALES (MEASURE INSTRUMENT)	4
scale (of fish/snake)	1334	266	SCALE	4
scare	1335	252	FRIGHTEN	2
scary	1336	528	DREADFUL	
Schizostachyum brachycladum	1337	1927	BAMBOO	
scissors	1338	356	SHEARS	2
scorched	1339	1428	BURNING	
scorpion	1340	1538	SCORPION	2
scrape	1341	1767	SCRAPE	2
scratch	1342	1436	SCRATCH	2
scythe (v.)	1343	1432	CUT	4
sea	1344	1474	SEA	2
sea cucumber	1345			
sea form	1346	1768	FOAM	
sea hibiscus (Hibiscus tiliaceus)	1347	239	FLOWER	
seagull	1348	950	SEAGULL	2
seat	1349	1476	CHAIR	2
second	1350	1384	SECOND	2
seed	1351	714	SEED	2
seek	1352	1468	LOOK FOR	2
sell	1353	1571	SELL	2
send	1354	1127	SEND	2
send away	1355	1127	SEND	
sermon	1356	3167	SERMON	2
set (sun, moon)	1357	160	SET (HEAVENLY BODIES)	4
set fire (for cooking)	1358	737	LIGHT (IGNITE)	
set of teeth	1359	1380	TOOTH	
seven hundred	1360	3518	SEVEN HUNDRED	2
seventeen	1361	2453	SEVENTEEN	2
seventy	1362	1721	SEVENTY	2
sew	1363	1457	SEW	2
shadow	1364	1388	SHADE	2
shake (intr.)	1365	1909	SHAKE	4
shake (tr.)	1366	1909	SHAKE	2
shallow	1367	193	SHALLOW	2
shampoo	1368	788	SOAP	
shark	1369	1110	SHARK	2
sharp	1370	1396	SHARP	2
sharpen	1371	251	SHARPEN (SOMETHING)	2
shattered	1372	680	BREAK (DESTROY OR GET DESTROYED)	
shave	1373	231	SHAVE	2
shave (beard)	1374	231	SHAVE	2
shavings	1375	151	RAZOR	
shield	1376	1064	SHIELD	2
shin	1377	186	SHIN	2
shine on	1378	708	SHINE	
shipwreck (v.)	1379	838	REMAINS	
shirt	1380	1622	SHIRT	2
shit (v.)	1381	676	SHIT (DEFECATE)	3
shiver (from fever)	1382	52	SHIVER	4
shock (v.)	1383	1572	SURPRISED	
shoot	1384	1172	SHOOT	2
shore	1385	3465	SHORE OF SEA	2
short	1386	1645	SHORT	2
short (time)	1387	3312	SHORT (TIME)	2
shoulder	1388	1482	SHOULDER	2
shoulderblade	1389	172	SHOULDERBLADE	2
shout	1390	715	SHOUT	2
show	1391	1039	SHOW	2
shrimp	1392	2349	SHRIMP	2
shrink	1393	54	SHRINK	2
shut in (a.)	1394	589	CLOSED	
shut up!	1395	1314	QUIET	
shy	1396	487	SHY	2
sibling	1397	1640	SIBLING	2
sick	1398	1847	SICK	2
side root	1399	670	ROOT	
sideways	1400			
sigh	1401			
sign (n.)	1402	1720	SIGN	3
silk	1403	1641	SILK	2
silly	1404			
silver	1405	759	SILVER	2
sing	1406	1261	SING	2
sing a love song	1407	1261	SING	
single	1408			
sink	1409	1088	SINK (DESCEND)	2
sister	1410	1263	SISTER	2
sit	1411	1416	SIT	2
sit cross-legged	1412	1416	SIT	
sitting room	1413	1450	ROOM	
six hundred	1414	3517	SIX HUNDRED	2
sixteen	1415	2454	SIXTEEN	2
sixty	1416	1718	SIXTY	2
skein	1417	760	KNOT	
skeleton	1418	2668	SKELETON	2
skew	1419	3075	SLANTED	
skewed	1420	3075	SLANTED	
skin	1421	763	SKIN	2
skinny	1422	1400	THIN (SLIM)	2
skull	1423	1605	SKULL	2
sky	1424	1732	SKY	2
slack	1425	2506	LOOSE	2
slanting	1426	3075	SLANTED	2
slap	1427	3160	SLAP	2
slap in face (n.)	1428	3160	SLAP	
slash (v.)	1429	2156	CUT (WITH KNIFE)	4
slaughter	1430	1796	SLAUGHTER	2
slave	1431	812	SLAVE	2
sleepy	1432	3620	SLEEPY	2
slide off	1433	1324	SLIP	
slim	1434	1400	THIN (SLIM)	2
slippery	1435	3702	SLIPPERY	2
slow	1436	701	SLOW	2
slurp	1437	1401	DRINK	
small	1438	1246	SMALL	2
smallpox	1439	1054	SMALLPOX	2
smart	1440	2530	SMART	2
smell	1441	1587	SMELL (STINK)	2
smile	1442	1451	SMILE	2
smoke (n.)	1443	778	SMOKE (EXHAUST)	1
smoke (v.)	1444	2859	SMOKE (EMIT SMOKE)	3
snail	1445	1543	SNAIL	2
snake (river)	1446	730	SNAKE	4
snake (small)	1447	730	SNAKE	4
snake bite	1448	1403	BITE	
snarl	1449			
snatch (v.)	1450	855	SEIZE	4
sneeze	1451	1621	SNEEZE	2
sniff	1452	375	SNIFF	2
snot	1453	208	NASAL MUCUS (SNOT)	2
so that	1454			
soak	1455	2069	SOAK (VERB)	2
soft	1456	1856	SOFT	2
sole (of foot)	1457	2666	SOLE (FOOT)	2
solid	1458	3003	SOLID	2
some	1459	1241	SOME	2
sometimes	1460	1544	SOMETIMES	2
son-in-law	1461	1056	SON-IN-LAW	2
soon	1462	703	SOON	2
sore	1463	3708	FEELING SORE	2
sound	1464	1811	SOUND OR NOISE	2
sour	1465	1906	SOUR	2
sow (v.)	1466	748	SOW SEEDS	3
space under house	1467	2632	AREA UNDER HOUSE	2
spacious	1468	2531	BROAD	4
spear (n.)	1469	945	SPEAR	1
spear/lance	1470	945	SPEAR	4
speck	1471	519	SPOT	
speech	1472	1115	SPEECH	2
spell (n.)/exorcism	1473			
sperm	1474	1505	SPERM	2
spices	1475			
spider	1476	843	SPIDER	2
spilled	1477	3130	SPILL (SOMETHING)	
spin (thread)	1478	121	SPIN	4
spine (backbone)	1479	805	SPINE	4
spirit of earthquake	1480	53	SPIRIT	
spirit of the beach	1481	53	SPIRIT	
spirit of the village	1482	53	SPIRIT	
spirit of the water	1483	53	SPIRIT	
spit	1484	1440	SPIT	2
splash	1485	365	SPLASH	2
split	1486	1437	SPLIT	2
spotted (face)	1487	530	FRECKLE	
spout (v.)	1488	2858	STREAM (FLOW CONTINUOUSLY)	
spread out	1489	38	SPREAD OUT	2
spring	1490	849	SPRING (OF WATER)	2
sprout	1491	3358	SPROUT (SHOOT)	2
square (a.)	1492	2757	ANGULAR (SQUAREFORMED)	4
square (yard)	1493	850	SQUARE	4
squat	1494	296	CROUCH	2
squeeze	1495	1414	SQUEEZE	2
squint	1496	87	SQUINT-EYED	
squirt	1497	2858	STREAM (FLOW CONTINUOUSLY)	
stab	1498	1434	STAB	2
stacked	1499	1576	PILE UP	
stain (n.)	1500	519	SPOT	4
stairs	1501	2689	LADDER OR STAIRS	2
stalk	1502	2628	PLANT STEM	2
stalk (of fruit)	1503	2628	PLANT STEM	4
stammer	1504	1866	STUTTER	4
stand up	1505	570	STAND UP	2
starve	1506	1533	BE HUNGRY	
stay	1507	987	REMAIN	2
steam	1508	1193	STEAM	2
steamboat	1509	1844	BOAT	
steering wheel	1510			
stem	1511	2628	PLANT STEM	2
stench	1512	3704	ODOR (SMELL)	4
step (n.)	1513	1158	STEP	1
step on	1514	575	TREAD	2
step- (family)	1515			4
stick (n.)	1516	1295	STICK	1
stick (v.)	1517	254	STICKING	3
stick out tongue	1518	1452	PUSH	
sticky	1519	3703	STICKY	2
stiff	1520			
still (adv.)	1521	2919	STILL (CONTINUING)	4
stink	1522	1587	SMELL (STINK)	2
stir	1523	696	STIR	2
stomach	1524	819	STOMACH	2
stomach ache	1525	1815	ACHE	
stomp	1526	575	TREAD	
stop by	1527	1377	VISIT	
store (v.)	1528	3655	STORE UP	4
storm	1529	858	STORM	2
straddle	1530			
straight	1531	1404	STRAIGHT	2
straight through	1532	97	THROUGH	
strait	1533	1661	STRAIT	2
stretch out	1534	214	STRETCH	4
strew	1535	572	STREW	4
strike (of lightning)	1536	353	STRIKE	4
string (of coconut)	1537	2724	CHAIN (CLASSIFIER)	4
strong	1538	785	STRONG	2
strong (well-built)	1539	785	STRONG	4
stump	1540	241	TREE STUMP	2
stupid	1541	1518	STUPID	2
suck	1542	1421	SUCK	2
suck at breast	1543	2472	SUCKLE (BREASTFEED, NURSE)	4
suffocate	1544	1494	DIE	
sugar palm (Arenga pinnata)	1545	3029	SUGAR PALM	4
sugarcane	1546	146	SUGAR CANE	2
sulphur	1547	3386	SULPHUR	2
sundry	1548			
sunken	1549	1088	SINK (DESCEND)	
sunken (eyes)	1550	1088	SINK (DESCEND)	
surf	1551	3132	SURF	2
surprised	1552	1572	SURPRISED	2
swallow (v.)	1553	897	SWALLOW	1
swamp	1554	1145	SWAMP	2
swear	1555	1939	SWEAR	2
sweat (n.)	1556	125	SWEAT (SUBSTANCE)	3
sweep (up)	1557	230	SWEEP	4
swell	1558	1573	SWELL	2
swim	1559	1439	SWIM	2
swimming wood at cast net	1560	1803	WOOD	
swollen	1561	1573	SWELL	2
sword	1562	1535	SWORD	2
table	1563	1775	TABLE	2
taboo	1564			
tail	1565	1220	TAIL	2
tailbone	1566	1394	BONE	
take	1567	1749	TAKE	2
take on one's lap	1568	1444	TURN AROUND	
talk	1569	2708	TALK	2
talk in sleep	1570			
tame	1571	2838	TAME	2
taproot	1572	670	ROOT	
taro	1573	351	TARO	2
teach	1574	709	TEACH	2
tear (n.)	1575	1651	TEAR (OF EYE)	3
tear (v.)	1576	1735	TEAR (SHRED)	1
tell lies	1577	601	LIE (MISLEAD)	4
temple (body part)	1578	1604	TEMPLES	4
ten thousand	1579	2078	TEN THOUSAND	2
tendon	1580	1137	TENDON	2
tense	1581	3053	TIGHT	2
termite	1582	883	TERMITE	2
testimony	1583			
that	1584	78	THAT	2
that's enough!	1585	1881	ENOUGH	
thatch	1586	279	THATCH	2
their	1587	2400	THEIR	2
then (past)	1588	2921	THEN	4
there	1589	1937	THERE	2
there is not	1590	2329	LACK (NOT HAVE)	2
they	1591	817	THEY	2
thick	1592	1244	THICK	2
thief	1593	1160	THIEF	2
thigh	1594	471	UPPER LEG (THIGH)	2
thin	1595	2249	THIN (OF SHAPE OF OBJECT)	2
thing	1596	738	THING	2
thingumajig	1597			
think	1598	2271	THINK	2
thirst(y)	1599	848	THIRST	4
thirteen	1600	1708	THIRTEEN	2
thirty	1601	1715	THIRTY	2
thirty-one	1602	3480	THIRTY ONE	2
this	1603	1214	THIS	2
thistle (tool)	1604	1328	SCISSORS	
thorn	1605	124	THORN	2
thorny bamboo (Bambusa bambos)	1606	1927	BAMBOO	
thou	1607	1215	THOU	2
thought	1608	2975	THOUGHT	2
thousand	1609	1843	THOUSAND	2
thread	1610	1161	THREAD	2
three hundred	1611	3513	THREE HUNDRED	2
thresh (rice) with feet	1612	285	THRESH	
throat	1613	1346	THROAT	2
throw	1614	1456	THROW	2
throw away	1615	3696	THROW AWAY	2
throw down	1616	2866	DROP (SOMETHING)	4
throw stones	1617	1456	THROW	
thumb	1618	1781	THUMB	2
thunderstone	1619	857	STONE	
tickle	1620	3647	TICKLE (SOMEBODY)	2
ticklish	1621	3856	ITCH OR ITCHY OR ITCHING	4
tie up	1622	1094	FASTEN	2
tight	1623	3053	TIGHT	2
till (new field)	1624	3273	TILL	4
tin (can)	1625	1051	CAN	4
tired	1626	1757	TIRED	2
to	1627	2754	TOWARDS	2
to me	1628	2754	TOWARDS	4
to you (sg.)	1629	2754	TOWARDS	4
toad	1630	894	TOAD	2
tobacco pack	1631	974	TOBACCO	
today	1632	1283	TODAY	2
toe	1633	1389	TOE	2
toe (big)	1634	1389	TOE	4
toenail	1635	2662	TOENAIL	2
together	1636	2482	TOGETHER	2
toilet (outdoor)	1637	219	TOILET	4
tomorrow	1638	1329	TOMORROW	2
tongue	1639	1205	TONGUE	2
tools	1640	1361	TOOL	2
tooth	1641	1380	TOOTH	2
torch	1642	1919	TORCH	2
torn	1643	680	BREAK (DESTROY OR GET DESTROYED)	
tortoise	1644	895	TORTOISE	2
touch	1645	1892	TOUCH	2
towel	1646	1021	TOWEL	2
trade (v.)	1647	2135	TRADE OR BARTER	3
trap (n.)	1648	1075	TRAP (PITFALL)	1
trash	1649	909	GARBAGE	2
trash bin	1650	2052	BUCKET	
treasurer	1651			
tree	1652	906	TREE	2
trellis	1653	2610	TRELLIS (ARCHITECTURE)	2
tremble	1654	52	SHIVER	2
tribe	1655	1549	TRIBE	2
trousers	1656	809	TROUSERS	2
try	1657	1812	TRY	2
tumult	1658	1811	NOISE	
turbid	1659	537	TURBID	2
turmeric	1660	2842	TURMERIC	2
turmeric (Curcuma domestica)	1661	2842	TURMERIC	4
turn	1662	1588	TURN	2
turtle	1663	112	TURTLE	2
twelve	1664	1707	TWELVE	2
twenty-five	1665	1738	TWENTY FIVE	2
twenty-one	1666	1734	TWENTY ONE	2
twice	1667	1546	TWICE	2
twist (v.)	1668	430	TWIST	3
two hundred	1669	2676	TWO HUNDRED	2
two-pronged gig	1670	945	SPEAR	
ugly	1671	1548	UGLY	2
ulcer	1672	1189	ULCER	2
umbilical cord	1673	2663	UMBILICAL CORD	2
umbrella	1674	3105	UMBRELLA	2
uncle	1675	1327	UNCLE	2
uncover	1676	1108	UNCOVER	2
under	1677	1485	BELOW OR UNDER	2
underarm	1678	446	LOWER ARM	
understand	1679	1536	UNDERSTAND	2
undo	1680	352	UNTIE	4
unfold	1681	38	SPREAD OUT	
unhappiness	1682	3854	SADNESS	
unknown islands	1683	622	ISLAND	
unrelated	1684	791	STRANGER	
until	1685	2753	UNTIL	2
up to	1686	2753	UNTIL	4
uprooted	1687	1735	TEAR (SHRED)	
upside-down	1688			
urinate	1689	592	PISS	2
urinate on	1690	592	PISS	
urine	1691	1142	URINE	2
use (n.)	1692	2072	USE (VERB)	4
use (v.)	1693	2072	USE (VERB)	3
used up	1694			
useful	1695			
usefulness	1696			
uterus	1697	804	WOMB	
vagina	1698	1836	VAGINA	2
valley	1699	921	VALLEY	2
vehicle	1700	2549	VEHICLE	2
veil	1701	1151	VEIL	2
vein (of palm leaf)	1702	525	BLOOD VESSEL	4
veins	1703	525	BLOOD VESSEL	2
very	1704	1311	VERY	2
village	1705	930	VILLAGE	2
virgin	1706	2298	VIRGIN	2
visible	1707	1868	VISIBLE	2
voice	1708	1363	VOICE	2
voluntary donation	1709	2982	GIFT	
vomit	1710	1278	VOMIT	2
vomit (n.)	1711	1278	VOMIT	4
waist	1712	1681	WAIST	2
waist band	1713	772	BELT	
waist band made from metal	1714	772	BELT	
wait	1715	1590	WAIT (FOR)	2
wake up	1716	1602	WAKE UP	2
walk/travel	1717	1443	WALK	4
wall	1718	3830	WALL	2
want	1719	1784	WANT	2
war	1720	935	WAR	2
warm	1721	1232	WARM	2
wash	1722	1453	WASH	2
washing bucket	1723	2052	BUCKET	
water (v.)	1724	3078	IRRIGATE	3
water spinach	1725	975	SPINACH	
wave	1726	978	WAVE	2
we excl.	1727	1130	WE (EXCLUSIVE)	2
we incl.	1728	1131	WE (INCLUSIVE)	2
we two incl.	1729	1131	WE (INCLUSIVE)	
wear (clothes)	1730	158	PUT ON	4
weave	1731	133	WEAVE	2
wedding	1732	1259	WEDDING	2
wedge	1733			
welcome (v.)	1734			
well (n.)	1735	954	WELL	1
west	1736	1817	WEST	2
wet	1737	1726	WET	2
what for?	1738	3268	QUESTION	
what?	1739	1236	WHAT	2
what's that?	1740	3268	QUESTION	
what's the name?	1741	3268	QUESTION	
whatever!	1742			
when? (future)	1743	1238	WHEN	4
where?	1744	1237	WHERE	2
which?	1745	727	WHICH	2
whirl (v.)	1746			
whistle	1747	1025	WHISTLE	2
white person	1748	2839	WHITE MAN	
whittle	1749			
who?	1750	1235	WHO	2
why?	1751	1270	WHY	2
wide	1752	1243	WIDE	2
widow	1753	1756	WIDOW	2
widow marrying another man	1754	1756	WIDOW	
widow marrying her brother-in-law	1755	1756	WIDOW	
widower	1756	1981	WIDOWER	2
widower marrying again	1757	1981	WIDOWER	
wife	1758	1199	WIFE	2
wild	1759	2230	UNTAMED OR WILD	2
wild pigeon (Chalcophaps indica indica)	1760	1853	DOVE	
wild sugarcane (Saccharum spontaneum)	1761	146	SUGAR CANE	
window	1762	1375	WINDOW	2
wing	1763	1257	WING	2
wink (n.)	1764	1655	BLINK	4
winner	1765			
winnow	1766	2462	WINNOWING	2
winnowing basket	1767	2051	DUSTPAN	2
wipe	1768	1454	WIPE	2
with	1769	1340	WITH	2
withdraw	1770	3654	TAKE OUT	4
wither	1771	2907	ROT	2
withered	1772	2907	ROT	
within three days	1773	892	ROT	
witness	1774	1144	WITNESS	2
woman (high rank in tradition)	1775	962	WOMAN	4
woman in childbirth	1776	1195	GIVE BIRTH	
womb	1777	804	WOMB	2
wonder (v.)	1778	1415	THINK (REFLECT)	
wood	1779	1803	WOOD	2
wood worm	1780	1219	WORM	
wood-boring beetle	1781	2242	BEETLE	
word	1782	1599	WORD	2
work (n.)	1783	984	WORK (LABOUR)	1
work (v.)	1784	1086	WORK (ACTIVITY)	3
worm	1785	1219	WORM	2
worn out	1786	2113	OLD (USED)	
worshipping of ghosts	1787	257	WORSHIP	
worshipping of ghosts in case of illness	1788	257	WORSHIP	
wound (n.)	1789	1109	WOUND	1
wounded	1790	1109	WOUND	
wrap (n.)	1791	1113	WRAP	4
wrecked	1792			
wriggle	1793			
wrinkled	1794	380	WRINKLED	2
write	1795	1672	WRITE	2
wrong	1796	1390	WRONG	2
yawn	1797	1028	YAWN	2
yaws (frambesia)	1798	1986	DISEASE	
year	1799	1226	YEAR	2
yesterday	1800	1174	YESTERDAY	2
you all	1801	1213	YOU	2
you can go	1802	695	GO	
young	1803	1207	YOUNG	2
young girl (address)	1804	1646	GIRL	4
young man	1805	76	YOUNG MAN	2
young of an animal	1806	1207	YOUNG	
younger sibling	1807	427	YOUNGER SIBLING	2
younger sibling (deceased)	1808	427	YOUNGER SIBLING	4
your (pl.)	1809	2274	YOUR (PLURAL)	4
your (sg.)	1810	732	YOUR (SINGULAR)	4
